{
  "name": "GoldenTorus",
  "type": "nurbs_surface",
  "degree_u": 2,
  "degree_v": 2,
  "control_points_u": 9,
  "control_points_v": 9,
  "control_points": [
    [
      [2.000000, 0.000000, 0.000000, 1.000000],
      [1.853553, 0.353553, 0.000000, 0.707107],
      [1.500000, 0.500000, 0.000000, 1.000000],
      [1.146447, 0.353553, 0.000000, 0.707107],
      [1.000000, -0.000000, 0.000000, 1.000000],
      [1.146447, -0.353553, 0.000000, 0.707107],
      [1.500000, -0.500000, 0.000000, 1.000000],
      [1.853553, -0.353553, 0.000000, 0.707107],
      [2.000000, 0.000000, 0.000000, 1.000000]
    ],
    [
      [1.414214, 0.000000, 1.414214, 0.707107],
      [1.310660, 0.353553, 1.310660, 0.500000],
      [1.060660, 0.500000, 1.060660, 0.707107],
      [0.810660, 0.353553, 0.810660, 0.500000],
      [0.707107, -0.000000, 0.707107, 0.707107],
      [0.810660, -0.353553, 0.810660, 0.500000],
      [1.060660, -0.500000, 1.060660, 0.707107],
      [1.310660, -0.353553, 1.310660, 0.500000],
      [1.414214, 0.000000, 1.414214, 0.707107]
    ],
    [
      [-0.000000, 0.000000, 2.000000, 1.000000],
      [-0.000000, 0.353553, 1.853553, 0.707107],
      [-0.000000, 0.500000, 1.500000, 1.000000],
      [-0.000000, 0.353553, 1.146447, 0.707107],
      [-0.000000, -0.000000, 1.000000, 1.000000],
      [-0.000000, -0.353553, 1.146447, 0.707107],
      [-0.000000, -0.500000, 1.500000, 1.000000],
      [-0.000000, -0.353553, 1.853553, 0.707107],
      [-0.000000, 0.000000, 2.000000, 1.000000]
    ],
    [
      [-1.414214, 0.000000, 1.414214, 0.707107],
      [-1.310660, 0.353553, 1.310660, 0.500000],
      [-1.060660, 0.500000, 1.060660, 0.707107],
      [-0.810660, 0.353553, 0.810660, 0.500000],
      [-0.707107, -0.000000, 0.707107, 0.707107],
      [-0.810660, -0.353553, 0.810660, 0.500000],
      [-1.060660, -0.500000, 1.060660, 0.707107],
      [-1.310660, -0.353553, 1.310660, 0.500000],
      [-1.414214, 0.000000, 1.414214, 0.707107]
    ],
    [
      [-2.000000, 0.000000, -0.000000, 1.000000],
      [-1.853553, 0.353553, -0.000000, 0.707107],
      [-1.500000, 0.500000, -0.000000, 1.000000],
      [-1.146447, 0.353553, -0.000000, 0.707107],
      [-1.000000, -0.000000, -0.000000, 1.000000],
      [-1.146447, -0.353553, -0.000000, 0.707107],
      [-1.500000, -0.500000, -0.000000, 1.000000],
      [-1.853553, -0.353553, -0.000000, 0.707107],
      [-2.000000, 0.000000, -0.000000, 1.000000]
    ],
    [
      [-1.414214, 0.000000, -1.414213, 0.707107],
      [-1.310660, 0.353553, -1.310660, 0.500000],
      [-1.060660, 0.500000, -1.060660, 0.707107],
      [-0.810660, 0.353553, -0.810660, 0.500000],
      [-0.707107, -0.000000, -0.707107, 0.707107],
      [-0.810660, -0.353553, -0.810660, 0.500000],
      [-1.060660, -0.500000, -1.060660, 0.707107],
      [-1.310660, -0.353553, -1.310660, 0.500000],
      [-1.414214, 0.000000, -1.414213, 0.707107]
    ],
    [
      [0.000000, 0.000000, -2.000000, 1.000000],
      [0.000000, 0.353553, -1.853553, 0.707107],
      [0.000000, 0.500000, -1.500000, 1.000000],
      [0.000000, 0.353553, -1.146447, 0.707107],
      [0.000000, -0.000000, -1.000000, 1.000000],
      [0.000000, -0.353553, -1.146447, 0.707107],
      [0.000000, -0.500000, -1.500000, 1.000000],
      [0.000000, -0.353553, -1.853553, 0.707107],
      [0.000000, 0.000000, -2.000000, 1.000000]
    ],
    [
      [1.414213, 0.000000, -1.414214, 0.707107],
      [1.310660, 0.353553, -1.310660, 0.500000],
      [1.060660, 0.500000, -1.060660, 0.707107],
      [0.810660, 0.353553, -0.810660, 0.500000],
      [0.707107, -0.000000, -0.707107, 0.707107],
      [0.810660, -0.353553, -0.810660, 0.500000],
      [1.060660, -0.500000, -1.060660, 0.707107],
      [1.310660, -0.353553, -1.310660, 0.500000],
      [1.414213, 0.000000, -1.414214, 0.707107]
    ],
    [
      [2.000000, 0.000000, 0.000000, 1.000000],
      [1.853553, 0.353553, 0.000000, 0.707107],
      [1.500000, 0.500000, 0.000000, 1.000000],
      [1.146447, 0.353553, 0.000000, 0.707107],
      [1.000000, -0.000000, 0.000000, 1.000000],
      [1.146447, -0.353553, 0.000000, 0.707107],
      [1.500000, -0.500000, 0.000000, 1.000000],
      [1.853553, -0.353553, 0.000000, 0.707107],
      [2.000000, 0.000000, 0.000000, 1.000000]
    ]
  ],
  "knots_u": [0.000000, 0.090909, 0.181818, 0.272727, 0.363636, 0.454545, 0.545455, 0.636364, 0.727273, 0.818182, 0.909091, 1.000000],
  "knots_v": [0.000000, 0.090909, 0.181818, 0.272727, 0.363636, 0.454545, 0.545455, 0.636364, 0.727273, 0.818182, 0.909091, 1.000000]
}
