{
  "name": "RedSphere",
  "type": "nurbs_surface",
  "degree_u": 2,
  "degree_v": 2,
  "control_points_u": 7,
  "control_points_v": 5,
  "control_points": [
    [
      [0.000000, 1.000000, 0.000000, 1.000000],
      [-0.000000, 1.000000, 0.000000, 0.707107],
      [-0.000000, 1.000000, -0.000000, 1.000000],
      [0.000000, 1.000000, -0.000000, 0.707107],
      [0.000000, 1.000000, 0.000000, 1.000000]
    ],
    [
      [0.500000, 0.866025, 0.000000, 0.707107],
      [-0.000000, 0.866025, 0.500000, 0.500000],
      [-0.500000, 0.866025, -0.000000, 0.707107],
      [0.000000, 0.866025, -0.500000, 0.500000],
      [0.500000, 0.866025, 0.000000, 0.707107]
    ],
    [
      [0.866025, 0.500000, 0.000000, 1.000000],
      [-0.000000, 0.500000, 0.866025, 0.707107],
      [-0.866025, 0.500000, -0.000000, 1.000000],
      [0.000000, 0.500000, -0.866025, 0.707107],
      [0.866025, 0.500000, 0.000000, 1.000000]
    ],
    [
      [1.000000, -0.000000, 0.000000, 0.707107],
      [-0.000000, -0.000000, 1.000000, 0.500000],
      [-1.000000, -0.000000, -0.000000, 0.707107],
      [0.000000, -0.000000, -1.000000, 0.500000],
      [1.000000, -0.000000, 0.000000, 0.707107]
    ],
    [
      [0.866025, -0.500000, 0.000000, 1.000000],
      [-0.000000, -0.500000, 0.866025, 0.707107],
      [-0.866025, -0.500000, -0.000000, 1.000000],
      [0.000000, -0.500000, -0.866025, 0.707107],
      [0.866025, -0.500000, 0.000000, 1.000000]
    ],
    [
      [0.500000, -0.866025, 0.000000, 0.707107],
      [-0.000000, -0.866025, 0.500000, 0.500000],
      [-0.500000, -0.866025, -0.000000, 0.707107],
      [0.000000, -0.866025, -0.500000, 0.500000],
      [0.500000, -0.866025, 0.000000, 0.707107]
    ],
    [
      [-0.000000, -1.000000, -0.000000, 1.000000],
      [0.000000, -1.000000, -0.000000, 0.707107],
      [0.000000, -1.000000, 0.000000, 1.000000],
      [-0.000000, -1.000000, 0.000000, 0.707107],
      [-0.000000, -1.000000, -0.000000, 1.000000]
    ]
  ],
  "knots_u": [0.000000, 0.111111, 0.222222, 0.333333, 0.444444, 0.555556, 0.666667, 0.777778, 0.888889, 1.000000],
  "knots_v": [0.000000, 0.142857, 0.285714, 0.428571, 0.571429, 0.714286, 0.857143, 1.000000]
}
